text,label
"I loved this movie! It was fantastic and thrilling.",positive
"This film was terrible and a waste of time.",negative
"It was okay, not the best but not the worst.",neutral
"I absolutely loved this movie, the acting was great!",positive
The plot was engaging and kept me on the edge of my seat.,positive
"Fantastic visuals and soundtrack, really enjoyed it.",positive
The actors gave outstanding performances.,positive
A brilliant film with a powerful story.,positive
The direction was top-notch and the pacing perfect.,positive
"Emotional and heartwarming, a must-watch!",positive
The humor was fresh and genuinely funny.,positive
"Incredible cinematography, every scene was a masterpiece.",positive
The character development was rich and relatable.,positive
One of the best movies I’ve seen this year.,positive
"A great balance of action, drama, and comedy.",positive
The special effects were mind-blowing.,positive
A moving story with excellent acting.,positive
The movie exceeded all my expectations.,positive
Smartly written with clever dialogue.,positive
A film that stays with you long after it ends.,positive
Uplifting and inspiring storyline.,positive
The romance felt natural and heartfelt.,positive
An unforgettable cinematic experience.,positive
"I absolutely loved this movie, the acting was great!",positive
The plot was engaging and kept me on the edge of my seat.,positive
"Fantastic visuals and soundtrack, really enjoyed it.",positive
The actors gave outstanding performances.,positive
A brilliant film with a powerful story.,positive
The direction was top-notch and the pacing perfect.,positive
"Emotional and heartwarming, a must-watch!",positive
The humor was fresh and genuinely funny.,positive
"Incredible cinematography, every scene was a masterpiece.",positive
The character development was rich and relatable.,positive
One of the best movies I’ve seen this year.,positive
"A great balance of action, drama, and comedy.",positive
The special effects were mind-blowing.,positive
A moving story with excellent acting.,positive
The movie exceeded all my expectations.,positive
Smartly written with clever dialogue.,positive
A film that stays with you long after it ends.,positive
Uplifting and inspiring storyline.,positive
The romance felt natural and heartfelt.,positive
An unforgettable cinematic experience.,positive
The plot was dull and predictable. Waste of time.,negative
"Terrible script, bad acting, and boring story.",negative
The pacing was too slow and uninteresting.,negative
Overly long and dragged without purpose.,negative
The characters were flat and unconvincing.,negative
Weak special effects ruined the experience.,negative
Dialogue felt forced and unnatural.,negative
Predictable from start to finish.,negative
The jokes were stale and unfunny.,negative
"I regret watching this movie, complete disappointment.",negative
The storyline lacked depth and originality.,negative
"Awful editing, the film felt disjointed.",negative
Too many clichés made it unbearable.,negative
Poor acting destroyed what could have been a good film.,negative
The ending was unsatisfying and abrupt.,negative
Soundtrack was distracting and poorly chosen.,negative
Unrealistic and hard to follow.,negative
The cinematography was bland and uninspired.,negative
A complete waste of potential.,negative
Would not recommend to anyone.,negative
The plot was dull and predictable. Waste of time.,negative
"Terrible script, bad acting, and boring story.",negative
The pacing was too slow and uninteresting.,negative
Overly long and dragged without purpose.,negative
The characters were flat and unconvincing.,negative
Weak special effects ruined the experience.,negative
Dialogue felt forced and unnatural.,negative
Predictable from start to finish.,negative
The jokes were stale and unfunny.,negative
"I regret watching this movie, complete disappointment.",negative
The storyline lacked depth and originality.,negative
"Awful editing, the film felt disjointed.",negative
Too many clichés made it unbearable.,negative
Poor acting destroyed what could have been a good film.,negative
The ending was unsatisfying and abrupt.,negative
Soundtrack was distracting and poorly chosen.,negative
Unrealistic and hard to follow.,negative
The cinematography was bland and uninspired.,negative
A complete waste of potential.,negative
Would not recommend to anyone.,negative
